{
  "n_estimators": 800,
  "max_depth": 11,
  "learning_rate": 0.012052172097502919,
  "num_leaves": 92,
  "subsample": 0.6816379000629786,
  "colsample_bytree": 0.9987349142404867,
  "reg_alpha": 0.026904205817381455,
  "reg_lambda": 0.2896943922164831,
  "min_child_samples": 50,
  "tweedie_variance_power": 1.4173771909456225
}