{
  "n_estimators": 1000,
  "max_depth": 9,
  "learning_rate": 0.005057848960693567,
  "num_leaves": 115,
  "subsample": 0.9411867248988484,
  "colsample_bytree": 0.9165029722774932,
  "reg_alpha": 0.7226135226759887,
  "reg_lambda": 0.10936900035649155,
  "min_child_samples": 30
}