{
  "n_estimators": 1000,
  "max_depth": 9,
  "learning_rate": 0.006321849297698318,
  "num_leaves": 75,
  "subsample": 0.9602134168366098,
  "colsample_bytree": 0.5703866533446815,
  "reg_alpha": 0.926222972342061,
  "reg_lambda": 0.005061096353129846,
  "min_child_samples": 29
}